-- phpMyAdmin SQL Dump
-- version 5.2.0
-- https://www.phpmyadmin.net/
--
-- Host: 127.0.0.1
-- Generation Time: Jul 16, 2024 at 08:12 PM
-- Server version: 10.4.24-MariaDB
-- PHP Version: 8.1.6

SET SQL_MODE = "NO_AUTO_VALUE_ON_ZERO";
START TRANSACTION;
SET time_zone = "+00:00";


/*!40101 SET @OLD_CHARACTER_SET_CLIENT=@@CHARACTER_SET_CLIENT */;
/*!40101 SET @OLD_CHARACTER_SET_RESULTS=@@CHARACTER_SET_RESULTS */;
/*!40101 SET @OLD_COLLATION_CONNECTION=@@COLLATION_CONNECTION */;
/*!40101 SET NAMES utf8mb4 */;

--
-- Database: `pemilihan_ekskul`
--

-- --------------------------------------------------------

--
-- Table structure for table `detail_siswa`
--

CREATE TABLE `detail_siswa` (
  `kd_detail` int(11) NOT NULL,
  `kd_siswa` int(11) DEFAULT NULL,
  `kd_ekskul` int(11) DEFAULT NULL
) ENGINE=InnoDB DEFAULT CHARSET=utf8mb4;

--
-- Dumping data for table `detail_siswa`
--

INSERT INTO `detail_siswa` (`kd_detail`, `kd_siswa`, `kd_ekskul`) VALUES
(1, 1, 1),
(2, 1, 2),
(3, 1, 3),
(4, 1, 4),
(5, 1, 5),
(6, 2, 1),
(7, 2, 2),
(8, 2, 3),
(9, 2, 4),
(10, 2, 5),
(11, 3, 1),
(12, 3, 2),
(13, 3, 3),
(14, 3, 4),
(15, 3, 5),
(16, 4, 1),
(17, 4, 2),
(18, 4, 3),
(19, 4, 4),
(20, 4, 5),
(21, 5, 1),
(22, 5, 2),
(23, 5, 3),
(24, 5, 4),
(25, 5, 5),
(26, 16, 1),
(27, 16, 2),
(28, 16, 3),
(29, 16, 4),
(30, 16, 5),
(31, 6, 1),
(32, 6, 2),
(33, 6, 3),
(34, 6, 4),
(35, 6, 5),
(36, 7, 1),
(37, 7, 2),
(38, 7, 3),
(39, 7, 4),
(40, 7, 5),
(41, 8, 1),
(42, 8, 2),
(43, 8, 3),
(44, 8, 4),
(45, 8, 5),
(46, 9, 1),
(47, 9, 2),
(48, 9, 3),
(49, 9, 4),
(50, 9, 5),
(51, 10, 1),
(52, 10, 2),
(53, 10, 3),
(54, 10, 4),
(55, 10, 5),
(56, 11, 1),
(57, 11, 2),
(58, 11, 3),
(59, 11, 4),
(60, 11, 5),
(61, 12, 1),
(62, 12, 2),
(63, 12, 3),
(64, 12, 4),
(65, 12, 5),
(66, 13, 1),
(67, 13, 2),
(68, 13, 3),
(69, 13, 4),
(70, 13, 5),
(71, 14, 1),
(72, 14, 2),
(73, 14, 3),
(74, 14, 4),
(75, 14, 5),
(76, 15, 1),
(77, 15, 2),
(78, 15, 3),
(79, 15, 4),
(80, 15, 5),
(81, 17, 1),
(82, 17, 2),
(83, 17, 3),
(84, 17, 4),
(85, 17, 5),
(86, 18, 1),
(87, 18, 2),
(88, 18, 3),
(89, 18, 4),
(90, 18, 5),
(91, 19, 1),
(92, 19, 2),
(93, 19, 3),
(94, 19, 4),
(95, 19, 5),
(96, 20, 1),
(97, 20, 2),
(98, 20, 3),
(99, 20, 4),
(100, 20, 5),
(101, 21, 1),
(102, 21, 2),
(103, 21, 3),
(104, 21, 4),
(105, 21, 5),
(106, 22, 1),
(107, 22, 2),
(108, 22, 3),
(109, 22, 4),
(110, 22, 5),
(111, 23, 1),
(112, 23, 2),
(113, 23, 3),
(114, 23, 4),
(115, 23, 5),
(116, 24, 1),
(117, 24, 2),
(118, 24, 3),
(119, 24, 4),
(120, 24, 5),
(121, 25, 1),
(122, 25, 2),
(123, 25, 3),
(124, 25, 4),
(125, 25, 5),
(126, 26, 1),
(127, 26, 2),
(128, 26, 3),
(129, 26, 4),
(130, 26, 5),
(131, 27, 1),
(132, 27, 2),
(133, 27, 3),
(134, 27, 4),
(135, 27, 5),
(136, 28, 1),
(137, 28, 2),
(138, 28, 3),
(139, 28, 4),
(140, 28, 5),
(141, 29, 1),
(142, 29, 2),
(143, 29, 3),
(144, 29, 4),
(145, 29, 5),
(146, 30, 1),
(147, 30, 2),
(148, 30, 3),
(149, 30, 4),
(150, 30, 5),
(151, 31, 1),
(152, 31, 2),
(153, 31, 3),
(154, 31, 4),
(155, 31, 5),
(156, 32, 1),
(157, 32, 2),
(158, 32, 3),
(159, 32, 4),
(160, 32, 5),
(161, 33, 1),
(162, 33, 2),
(163, 33, 3),
(164, 33, 4),
(165, 33, 5),
(166, 34, 1),
(167, 34, 2),
(168, 34, 3),
(169, 34, 4),
(170, 34, 5),
(171, 35, 1),
(172, 35, 2),
(173, 35, 3),
(174, 35, 4),
(175, 35, 5),
(176, 36, 1),
(177, 36, 2),
(178, 36, 3),
(179, 36, 4),
(180, 36, 5),
(181, 37, 1),
(182, 37, 2),
(183, 37, 3),
(184, 37, 4),
(185, 37, 5),
(186, 38, 1),
(187, 38, 2),
(188, 38, 3),
(189, 38, 4),
(190, 38, 5),
(191, 39, 1),
(192, 39, 2),
(193, 39, 3),
(194, 39, 4),
(195, 39, 5),
(196, 40, 1),
(197, 40, 2),
(198, 40, 3),
(199, 40, 4),
(200, 40, 5),
(201, 41, 1),
(202, 41, 2),
(203, 41, 3),
(204, 41, 4),
(205, 41, 5),
(206, 42, 1),
(207, 42, 2),
(208, 42, 3),
(209, 42, 4),
(210, 42, 5),
(211, 43, 1),
(212, 43, 2),
(213, 43, 3),
(214, 43, 4),
(215, 43, 5),
(216, 44, 1),
(217, 44, 2),
(218, 44, 3),
(219, 44, 4),
(220, 44, 5),
(221, 45, 1),
(222, 45, 2),
(223, 45, 3),
(224, 45, 4),
(225, 45, 5),
(226, 46, 1),
(227, 46, 2),
(228, 46, 3),
(229, 46, 4),
(230, 46, 5),
(231, 47, 1),
(232, 47, 2),
(233, 47, 3),
(234, 47, 4),
(235, 47, 5),
(236, 48, 1),
(237, 48, 2),
(238, 48, 3),
(239, 48, 4),
(240, 48, 5),
(241, 49, 1),
(242, 49, 2),
(243, 49, 3),
(244, 49, 4),
(245, 49, 5),
(246, 50, 1),
(247, 50, 2),
(248, 50, 3),
(249, 50, 4),
(250, 50, 5);

-- --------------------------------------------------------

--
-- Table structure for table `ekskul`
--

CREATE TABLE `ekskul` (
  `kd_ekskul` int(11) NOT NULL,
  `nm_ekskul` varchar(255) NOT NULL
) ENGINE=InnoDB DEFAULT CHARSET=utf8mb4;

--
-- Dumping data for table `ekskul`
--

INSERT INTO `ekskul` (`kd_ekskul`, `nm_ekskul`) VALUES
(1, 'Basket'),
(2, 'Volly'),
(3, 'Futsal'),
(4, 'Pramuka'),
(5, 'Osis');

-- --------------------------------------------------------

--
-- Table structure for table `kriteria`
--

CREATE TABLE `kriteria` (
  `id_kriteria` int(11) NOT NULL,
  `nama_kriteria` varchar(255) NOT NULL,
  `kriteria` varchar(225) NOT NULL,
  `bobot` double NOT NULL
) ENGINE=InnoDB DEFAULT CHARSET=utf8mb4;

--
-- Dumping data for table `kriteria`
--

INSERT INTO `kriteria` (`id_kriteria`, `nama_kriteria`, `kriteria`, `bobot`) VALUES
(1, 'C1', 'Minat', 0.1),
(2, 'C2', 'Pengalaman', 0.2),
(3, 'C3', 'Teknikal', 0.23),
(4, 'C4', 'Fisik', 0.17),
(5, 'C5', 'Komunikasi', 0.15),
(6, 'C6', 'Kerjasama Tim', 0.15);

-- --------------------------------------------------------

--
-- Table structure for table `nilai_kriteria`
--

CREATE TABLE `nilai_kriteria` (
  `id_nilai` int(11) NOT NULL,
  `kd_detail` int(11) DEFAULT NULL,
  `id_kriteria` int(11) DEFAULT NULL,
  `nilai` varchar(255) DEFAULT NULL
) ENGINE=InnoDB DEFAULT CHARSET=utf8mb4;

--
-- Dumping data for table `nilai_kriteria`
--

INSERT INTO `nilai_kriteria` (`id_nilai`, `kd_detail`, `id_kriteria`, `nilai`) VALUES
(1, 1, 1, '1'),
(2, 1, 2, '5'),
(3, 1, 3, '1'),
(4, 1, 4, '4'),
(5, 1, 5, '2'),
(6, 1, 6, '2'),
(7, 2, 1, '2'),
(8, 2, 2, '5'),
(9, 2, 3, '5'),
(10, 2, 4, '3'),
(11, 2, 5, '4'),
(12, 2, 6, '2'),
(13, 3, 1, '2'),
(14, 3, 2, '2'),
(15, 3, 3, '2'),
(16, 3, 4, '3'),
(17, 3, 5, '4'),
(18, 3, 6, '1'),
(19, 4, 1, '2'),
(20, 4, 2, '3'),
(21, 4, 3, '3'),
(22, 4, 4, '2'),
(23, 4, 5, '4'),
(24, 4, 6, '5'),
(25, 5, 1, '5'),
(26, 5, 2, '3'),
(27, 5, 3, '4'),
(28, 5, 4, '2'),
(29, 5, 5, '4'),
(30, 5, 6, '4'),
(31, 6, 1, '1'),
(32, 6, 2, '3'),
(33, 6, 3, '1'),
(34, 6, 4, '4'),
(35, 6, 5, '3'),
(36, 6, 6, '1'),
(37, 7, 1, '2'),
(38, 7, 2, '1'),
(39, 7, 3, '5'),
(40, 7, 4, '3'),
(41, 7, 5, '4'),
(42, 7, 6, '3'),
(43, 8, 1, '1'),
(44, 8, 2, '3'),
(45, 8, 3, '2'),
(46, 8, 4, '4'),
(47, 8, 5, '4'),
(48, 8, 6, '3'),
(49, 9, 1, '2'),
(50, 9, 2, '3'),
(51, 9, 3, '2'),
(52, 9, 4, '2'),
(53, 9, 5, '5'),
(54, 9, 6, '3'),
(55, 10, 1, '4'),
(56, 10, 2, '4'),
(57, 10, 3, '5'),
(58, 10, 4, '2'),
(59, 10, 5, '1'),
(60, 10, 6, '3'),
(61, 11, 1, '1'),
(62, 11, 2, '1'),
(63, 11, 3, '2'),
(64, 11, 4, '5'),
(65, 11, 5, '3'),
(66, 11, 6, '4'),
(67, 12, 1, '5'),
(68, 12, 2, '1'),
(69, 12, 3, '3'),
(70, 12, 4, '2'),
(71, 12, 5, '4'),
(72, 12, 6, '5'),
(73, 13, 1, '1'),
(74, 13, 2, '5'),
(75, 13, 3, '5'),
(76, 13, 4, '1'),
(77, 13, 5, '3'),
(78, 13, 6, '4'),
(79, 14, 1, '2'),
(80, 14, 2, '2'),
(81, 14, 3, '2'),
(82, 14, 4, '1'),
(83, 14, 5, '4'),
(84, 14, 6, '2'),
(85, 15, 1, '5'),
(86, 15, 2, '5'),
(87, 15, 3, '4'),
(88, 15, 4, '3'),
(89, 15, 5, '1'),
(90, 15, 6, '1'),
(91, 16, 1, '4'),
(92, 16, 2, '3'),
(93, 16, 3, '4'),
(94, 16, 4, '4'),
(95, 16, 5, '1'),
(96, 16, 6, '2'),
(97, 17, 1, '4'),
(98, 17, 2, '1'),
(99, 17, 3, '5'),
(100, 17, 4, '3'),
(101, 17, 5, '2'),
(102, 17, 6, '5'),
(103, 18, 1, '4'),
(104, 18, 2, '3'),
(105, 18, 3, '1'),
(106, 18, 4, '4'),
(107, 18, 5, '1'),
(108, 18, 6, '2'),
(109, 19, 1, '3'),
(110, 19, 2, '2'),
(111, 19, 3, '5'),
(112, 19, 4, '3'),
(113, 19, 5, '1'),
(114, 19, 6, '4'),
(115, 20, 1, '4'),
(116, 20, 2, '3'),
(117, 20, 3, '3'),
(118, 20, 4, '1'),
(119, 20, 5, '4'),
(120, 20, 6, '4'),
(121, 21, 1, '4'),
(122, 21, 2, '3'),
(123, 21, 3, '1'),
(124, 21, 4, '4'),
(125, 21, 5, '2'),
(126, 21, 6, '5'),
(127, 22, 1, '3'),
(128, 22, 2, '2'),
(129, 22, 3, '1'),
(130, 22, 4, '2'),
(131, 22, 5, '5'),
(132, 22, 6, '4'),
(133, 23, 1, '3'),
(134, 23, 2, '3'),
(135, 23, 3, '5'),
(136, 23, 4, '4'),
(137, 23, 5, '1'),
(138, 23, 6, '4'),
(139, 24, 1, '1'),
(140, 24, 2, '5'),
(141, 24, 3, '3'),
(142, 24, 4, '1'),
(143, 24, 5, '3'),
(144, 24, 6, '4'),
(145, 25, 1, '3'),
(146, 25, 2, '3'),
(147, 25, 3, '5'),
(148, 25, 4, '4'),
(149, 25, 5, '5'),
(150, 25, 6, '5'),
(151, 26, 1, '2'),
(152, 26, 2, '2'),
(153, 26, 3, '3'),
(154, 26, 4, '5'),
(155, 26, 5, '4'),
(156, 26, 6, '5'),
(157, 27, 1, '3'),
(158, 27, 2, '3'),
(159, 27, 3, '3'),
(160, 27, 4, '5'),
(161, 27, 5, '4'),
(162, 27, 6, '5'),
(163, 28, 1, '1'),
(164, 28, 2, '1'),
(165, 28, 3, '2'),
(166, 28, 4, '2'),
(167, 28, 5, '1'),
(168, 28, 6, '2'),
(169, 29, 1, '4'),
(170, 29, 2, '5'),
(171, 29, 3, '4'),
(172, 29, 4, '5'),
(173, 29, 5, '4'),
(174, 29, 6, '5'),
(175, 30, 1, '3'),
(176, 30, 2, '5'),
(177, 30, 3, '4'),
(178, 30, 4, '4'),
(179, 30, 5, '5'),
(180, 30, 6, '5'),
(181, 31, 1, '5'),
(182, 31, 2, '1'),
(183, 31, 3, '3'),
(184, 31, 4, '5'),
(185, 31, 5, '1'),
(186, 31, 6, '1'),
(187, 32, 1, '5'),
(188, 32, 2, '2'),
(189, 32, 3, '5'),
(190, 32, 4, '4'),
(191, 32, 5, '5'),
(192, 32, 6, '3'),
(193, 33, 1, '4'),
(194, 33, 2, '4'),
(195, 33, 3, '1'),
(196, 33, 4, '4'),
(197, 33, 5, '4'),
(198, 33, 6, '2'),
(199, 34, 1, '4'),
(200, 34, 2, '2'),
(201, 34, 3, '2'),
(202, 34, 4, '4'),
(203, 34, 5, '2'),
(204, 34, 6, '3'),
(205, 35, 1, '5'),
(206, 35, 2, '3'),
(207, 35, 3, '4'),
(208, 35, 4, '2'),
(209, 35, 5, '4'),
(210, 35, 6, '3'),
(211, 36, 1, '5'),
(212, 36, 2, '5'),
(213, 36, 3, '2'),
(214, 36, 4, '1'),
(215, 36, 5, '2'),
(216, 36, 6, '5'),
(217, 37, 1, '5'),
(218, 37, 2, '2'),
(219, 37, 3, '5'),
(220, 37, 4, '4'),
(221, 37, 5, '5'),
(222, 37, 6, '3'),
(223, 38, 1, '3'),
(224, 38, 2, '1'),
(225, 38, 3, '3'),
(226, 38, 4, '2'),
(227, 38, 5, '5'),
(228, 38, 6, '4'),
(229, 39, 1, '5'),
(230, 39, 2, '2'),
(231, 39, 3, '5'),
(232, 39, 4, '5'),
(233, 39, 5, '4'),
(234, 39, 6, '2'),
(235, 40, 1, '5'),
(236, 40, 2, '3'),
(237, 40, 3, '3'),
(238, 40, 4, '4'),
(239, 40, 5, '2'),
(240, 40, 6, '4'),
(241, 41, 1, '4'),
(242, 41, 2, '2'),
(243, 41, 3, '4'),
(244, 41, 4, '4'),
(245, 41, 5, '4'),
(246, 41, 6, '1'),
(247, 42, 1, '4'),
(248, 42, 2, '2'),
(249, 42, 3, '3'),
(250, 42, 4, '4'),
(251, 42, 5, '1'),
(252, 42, 6, '5'),
(253, 43, 1, '5'),
(254, 43, 2, '3'),
(255, 43, 3, '1'),
(256, 43, 4, '1'),
(257, 43, 5, '3'),
(258, 43, 6, '3'),
(259, 44, 1, '3'),
(260, 44, 2, '1'),
(261, 44, 3, '2'),
(262, 44, 4, '3'),
(263, 44, 5, '5'),
(264, 44, 6, '2'),
(265, 45, 1, '4'),
(266, 45, 2, '2'),
(267, 45, 3, '2'),
(268, 45, 4, '5'),
(269, 45, 5, '4'),
(270, 45, 6, '3'),
(271, 46, 1, '2'),
(272, 46, 2, '1'),
(273, 46, 3, '1'),
(274, 46, 4, '4'),
(275, 46, 5, '3'),
(276, 46, 6, '2'),
(277, 47, 1, '1'),
(278, 47, 2, '5'),
(279, 47, 3, '4'),
(280, 47, 4, '3'),
(281, 47, 5, '4'),
(282, 47, 6, '1'),
(283, 48, 1, '5'),
(284, 48, 2, '3'),
(285, 48, 3, '3'),
(286, 48, 4, '3'),
(287, 48, 5, '5'),
(288, 48, 6, '3'),
(289, 49, 1, '3'),
(290, 49, 2, '2'),
(291, 49, 3, '2'),
(292, 49, 4, '4'),
(293, 49, 5, '5'),
(294, 49, 6, '4'),
(295, 50, 1, '3'),
(296, 50, 2, '1'),
(297, 50, 3, '2'),
(298, 50, 4, '2'),
(299, 50, 5, '4'),
(300, 50, 6, '3'),
(301, 51, 1, '1'),
(302, 51, 2, '3'),
(303, 51, 3, '3'),
(304, 51, 4, '4'),
(305, 51, 5, '3'),
(306, 51, 6, '5'),
(307, 52, 1, '5'),
(308, 52, 2, '4'),
(309, 52, 3, '4'),
(310, 52, 4, '1'),
(311, 52, 5, '1'),
(312, 52, 6, '2'),
(313, 53, 1, '1'),
(314, 53, 2, '3'),
(315, 53, 3, '4'),
(316, 53, 4, '3'),
(317, 53, 5, '2'),
(318, 53, 6, '5'),
(319, 54, 1, '3'),
(320, 54, 2, '4'),
(321, 54, 3, '1'),
(322, 54, 4, '1'),
(323, 54, 5, '1'),
(324, 54, 6, '2'),
(325, 55, 1, '1'),
(326, 55, 2, '4'),
(327, 55, 3, '5'),
(328, 55, 4, '5'),
(329, 55, 5, '1'),
(330, 55, 6, '3'),
(331, 56, 1, '3'),
(332, 56, 2, '1'),
(333, 56, 3, '4'),
(334, 56, 4, '3'),
(335, 56, 5, '5'),
(336, 56, 6, '1'),
(337, 57, 1, '5'),
(338, 57, 2, '1'),
(339, 57, 3, '5'),
(340, 57, 4, '2'),
(341, 57, 5, '4'),
(342, 57, 6, '3'),
(343, 58, 1, '4'),
(344, 58, 2, '4'),
(345, 58, 3, '1'),
(346, 58, 4, '4'),
(347, 58, 5, '2'),
(348, 58, 6, '3'),
(349, 59, 1, '4'),
(350, 59, 2, '2'),
(351, 59, 3, '2'),
(352, 59, 4, '1'),
(353, 59, 5, '5'),
(354, 59, 6, '3'),
(355, 60, 1, '5'),
(356, 60, 2, '5'),
(357, 60, 3, '4'),
(358, 60, 4, '4'),
(359, 60, 5, '3'),
(360, 60, 6, '1'),
(361, 61, 1, '3'),
(362, 61, 2, '2'),
(363, 61, 3, '5'),
(364, 61, 4, '1'),
(365, 61, 5, '2'),
(366, 61, 6, '5'),
(367, 62, 1, '4'),
(368, 62, 2, '2'),
(369, 62, 3, '5'),
(370, 62, 4, '1'),
(371, 62, 5, '4'),
(372, 62, 6, '5'),
(373, 63, 1, '4'),
(374, 63, 2, '2'),
(375, 63, 3, '4'),
(376, 63, 4, '1'),
(377, 63, 5, '5'),
(378, 63, 6, '3'),
(379, 64, 1, '5'),
(380, 64, 2, '4'),
(381, 64, 3, '5'),
(382, 64, 4, '5'),
(383, 64, 5, '2'),
(384, 64, 6, '1'),
(385, 65, 1, '1'),
(386, 65, 2, '2'),
(387, 65, 3, '4'),
(388, 65, 4, '2'),
(389, 65, 5, '2'),
(390, 65, 6, '1'),
(391, 66, 1, '4'),
(392, 66, 2, '1'),
(393, 66, 3, '2'),
(394, 66, 4, '3'),
(395, 66, 5, '2'),
(396, 66, 6, '1'),
(397, 67, 1, '4'),
(398, 67, 2, '1'),
(399, 67, 3, '5'),
(400, 67, 4, '1'),
(401, 67, 5, '3'),
(402, 67, 6, '4'),
(403, 68, 1, '5'),
(404, 68, 2, '4'),
(405, 68, 3, '2'),
(406, 68, 4, '4'),
(407, 68, 5, '1'),
(408, 68, 6, '3'),
(409, 69, 1, '2'),
(410, 69, 2, '4'),
(411, 69, 3, '5'),
(412, 69, 4, '3'),
(413, 69, 5, '4'),
(414, 69, 6, '4'),
(415, 70, 1, '1'),
(416, 70, 2, '3'),
(417, 70, 3, '2'),
(418, 70, 4, '4'),
(419, 70, 5, '5'),
(420, 70, 6, '5'),
(421, 71, 1, '1'),
(422, 71, 2, '2'),
(423, 71, 3, '4'),
(424, 71, 4, '3'),
(425, 71, 5, '4'),
(426, 71, 6, '2'),
(427, 72, 1, '4'),
(428, 72, 2, '2'),
(429, 72, 3, '3'),
(430, 72, 4, '5'),
(431, 72, 5, '3'),
(432, 72, 6, '5'),
(433, 73, 1, '5'),
(434, 73, 2, '1'),
(435, 73, 3, '4'),
(436, 73, 4, '2'),
(437, 73, 5, '2'),
(438, 73, 6, '3'),
(439, 74, 1, '5'),
(440, 74, 2, '1'),
(441, 74, 3, '4'),
(442, 74, 4, '2'),
(443, 74, 5, '2'),
(444, 74, 6, '3'),
(445, 75, 1, '4'),
(446, 75, 2, '3'),
(447, 75, 3, '5'),
(448, 75, 4, '2'),
(449, 75, 5, '4'),
(450, 75, 6, '3'),
(451, 76, 1, '5'),
(452, 76, 2, '3'),
(453, 76, 3, '1'),
(454, 76, 4, '2'),
(455, 76, 5, '2'),
(456, 76, 6, '1'),
(457, 77, 1, '1'),
(458, 77, 2, '5'),
(459, 77, 3, '2'),
(460, 77, 4, '3'),
(461, 77, 5, '4'),
(462, 77, 6, '3'),
(463, 78, 1, '3'),
(464, 78, 2, '4'),
(465, 78, 3, '2'),
(466, 78, 4, '2'),
(467, 78, 5, '5'),
(468, 78, 6, '1'),
(469, 79, 1, '5'),
(470, 79, 2, '2'),
(471, 79, 3, '5'),
(472, 79, 4, '3'),
(473, 79, 5, '4'),
(474, 79, 6, '4'),
(475, 80, 1, '4'),
(476, 80, 2, '3'),
(477, 80, 3, '5'),
(478, 80, 4, '2'),
(479, 80, 5, '4'),
(480, 80, 6, '3'),
(481, 81, 1, '1'),
(482, 81, 2, '3'),
(483, 81, 3, '5'),
(484, 81, 4, '4'),
(485, 81, 5, '3'),
(486, 81, 6, '5'),
(487, 82, 1, '4'),
(488, 82, 2, '3'),
(489, 82, 3, '2'),
(490, 82, 4, '4'),
(491, 82, 5, '3'),
(492, 82, 6, '2'),
(493, 83, 1, '4'),
(494, 83, 2, '2'),
(495, 83, 3, '1'),
(496, 83, 4, '1'),
(497, 83, 5, '3'),
(498, 83, 6, '4'),
(499, 84, 1, '3'),
(500, 84, 2, '2'),
(501, 84, 3, '2'),
(502, 84, 4, '3'),
(503, 84, 5, '4'),
(504, 84, 6, '4'),
(505, 85, 1, '5'),
(506, 85, 2, '1'),
(507, 85, 3, '2'),
(508, 85, 4, '4'),
(509, 85, 5, '4'),
(510, 85, 6, '5'),
(511, 86, 1, '2'),
(512, 86, 2, '1'),
(513, 86, 3, '1'),
(514, 86, 4, '2'),
(515, 86, 5, '3'),
(516, 86, 6, '2'),
(517, 87, 1, '1'),
(518, 87, 2, '1'),
(519, 87, 3, '2'),
(520, 87, 4, '2'),
(521, 87, 5, '4'),
(522, 87, 6, '4'),
(523, 88, 1, '1'),
(524, 88, 2, '1'),
(525, 88, 3, '2'),
(526, 88, 4, '3'),
(527, 88, 5, '4'),
(528, 88, 6, '1'),
(529, 89, 1, '5'),
(530, 89, 2, '4'),
(531, 89, 3, '4'),
(532, 89, 4, '4'),
(533, 89, 5, '5'),
(534, 89, 6, '5'),
(535, 90, 1, '5'),
(536, 90, 2, '5'),
(537, 90, 3, '3'),
(538, 90, 4, '4'),
(539, 90, 5, '5'),
(540, 90, 6, '5'),
(541, 91, 1, '3'),
(542, 91, 2, '2'),
(543, 91, 3, '2'),
(544, 91, 4, '1'),
(545, 91, 5, '4'),
(546, 91, 6, '3'),
(547, 92, 1, '3'),
(548, 92, 2, '3'),
(549, 92, 3, '2'),
(550, 92, 4, '1'),
(551, 92, 5, '4'),
(552, 92, 6, '2'),
(553, 93, 1, '5'),
(554, 93, 2, '4'),
(555, 93, 3, '4'),
(556, 93, 4, '3'),
(557, 93, 5, '4'),
(558, 93, 6, '3'),
(559, 94, 1, '4'),
(560, 94, 2, '3'),
(561, 94, 3, '1'),
(562, 94, 4, '3'),
(563, 94, 5, '1'),
(564, 94, 6, '3'),
(565, 95, 1, '2'),
(566, 95, 2, '1'),
(567, 95, 3, '1'),
(568, 95, 4, '3'),
(569, 95, 5, '2'),
(570, 95, 6, '4'),
(571, 96, 1, '4'),
(572, 96, 2, '1'),
(573, 96, 3, '5'),
(574, 96, 4, '1'),
(575, 96, 5, '3'),
(576, 96, 6, '4'),
(577, 97, 1, '2'),
(578, 97, 2, '3'),
(579, 97, 3, '4'),
(580, 97, 4, '2'),
(581, 97, 5, '4'),
(582, 97, 6, '3'),
(583, 98, 1, '1'),
(584, 98, 2, '2'),
(585, 98, 3, '1'),
(586, 98, 4, '3'),
(587, 98, 5, '2'),
(588, 98, 6, '4'),
(589, 99, 1, '4'),
(590, 99, 2, '4'),
(591, 99, 3, '4'),
(592, 99, 4, '4'),
(593, 99, 5, '3'),
(594, 99, 6, '3'),
(595, 100, 1, '5'),
(596, 100, 2, '5'),
(597, 100, 3, '5'),
(598, 100, 4, '3'),
(599, 100, 5, '5'),
(600, 100, 6, '5'),
(601, 101, 1, '1'),
(602, 101, 2, '5'),
(603, 101, 3, '1'),
(604, 101, 4, '2'),
(605, 101, 5, '4'),
(606, 101, 6, '4'),
(607, 102, 1, '4'),
(608, 102, 2, '4'),
(609, 102, 3, '4'),
(610, 102, 4, '3'),
(611, 102, 5, '2'),
(612, 102, 6, '4'),
(613, 103, 1, '4'),
(614, 103, 2, '4'),
(615, 103, 3, '4'),
(616, 103, 4, '3'),
(617, 103, 5, '2'),
(618, 103, 6, '5'),
(619, 104, 1, '4'),
(620, 104, 2, '3'),
(621, 104, 3, '3'),
(622, 104, 4, '4'),
(623, 104, 5, '2'),
(624, 104, 6, '1'),
(625, 105, 1, '5'),
(626, 105, 2, '3'),
(627, 105, 3, '2'),
(628, 105, 4, '4'),
(629, 105, 5, '4'),
(630, 105, 6, '4'),
(631, 106, 1, '4'),
(632, 106, 2, '1'),
(633, 106, 3, '2'),
(634, 106, 4, '3'),
(635, 106, 5, '2'),
(636, 106, 6, '1'),
(637, 107, 1, '4'),
(638, 107, 2, '1'),
(639, 107, 3, '5'),
(640, 107, 4, '1'),
(641, 107, 5, '3'),
(642, 107, 6, '4'),
(643, 108, 1, '4'),
(644, 108, 2, '4'),
(645, 108, 3, '4'),
(646, 108, 4, '3'),
(647, 108, 5, '2'),
(648, 108, 6, '5'),
(649, 109, 1, '2'),
(650, 109, 2, '4'),
(651, 109, 3, '5'),
(652, 109, 4, '3'),
(653, 109, 5, '4'),
(654, 109, 6, '4'),
(655, 110, 1, '1'),
(656, 110, 2, '3'),
(657, 110, 3, '2'),
(658, 110, 4, '4'),
(659, 110, 5, '5'),
(660, 110, 6, '5'),
(661, 111, 1, '1'),
(662, 111, 2, '3'),
(663, 111, 3, '1'),
(664, 111, 4, '4'),
(665, 111, 5, '3'),
(666, 111, 6, '1'),
(667, 112, 1, '2'),
(668, 112, 2, '1'),
(669, 112, 3, '5'),
(670, 112, 4, '3'),
(671, 112, 5, '4'),
(672, 112, 6, '3'),
(673, 113, 1, '1'),
(674, 113, 2, '3'),
(675, 113, 3, '2'),
(676, 113, 4, '4'),
(677, 113, 5, '4'),
(678, 113, 6, '3'),
(679, 114, 1, '2'),
(680, 114, 2, '3'),
(681, 114, 3, '2'),
(682, 114, 4, '2'),
(683, 114, 5, '5'),
(684, 114, 6, '3'),
(685, 115, 1, '4'),
(686, 115, 2, '4'),
(687, 115, 3, '5'),
(688, 115, 4, '2'),
(689, 115, 5, '1'),
(690, 115, 6, '3'),
(691, 116, 1, '5'),
(692, 116, 2, '4'),
(693, 116, 3, '5'),
(694, 116, 4, '5'),
(695, 116, 5, '4'),
(696, 116, 6, '5'),
(697, 117, 1, '4'),
(698, 117, 2, '2'),
(699, 117, 3, '4'),
(700, 117, 4, '5'),
(701, 117, 5, '4'),
(702, 117, 6, '4'),
(703, 118, 1, '1'),
(704, 118, 2, '3'),
(705, 118, 3, '2'),
(706, 118, 4, '4'),
(707, 118, 5, '4'),
(708, 118, 6, '3'),
(709, 119, 1, '2'),
(710, 119, 2, '4'),
(711, 119, 3, '2'),
(712, 119, 4, '2'),
(713, 119, 5, '5'),
(714, 119, 6, '3'),
(715, 120, 1, '3'),
(716, 120, 2, '4'),
(717, 120, 3, '5'),
(718, 120, 4, '2'),
(719, 120, 5, '1'),
(720, 120, 6, '3'),
(721, 121, 1, '4'),
(722, 121, 2, '4'),
(723, 121, 3, '4'),
(724, 121, 4, '4'),
(725, 121, 5, '4'),
(726, 121, 6, '4'),
(727, 122, 1, '4'),
(728, 122, 2, '3'),
(729, 122, 3, '4'),
(730, 122, 4, '4'),
(731, 122, 5, '2'),
(732, 122, 6, '4'),
(733, 123, 1, '3'),
(734, 123, 2, '4'),
(735, 123, 3, '3'),
(736, 123, 4, '3'),
(737, 123, 5, '2'),
(738, 123, 6, '4'),
(739, 124, 1, '5'),
(740, 124, 2, '4'),
(741, 124, 3, '4'),
(742, 124, 4, '4'),
(743, 124, 5, '4'),
(744, 124, 6, '4'),
(745, 125, 1, '5'),
(746, 125, 2, '5'),
(747, 125, 3, '4'),
(748, 125, 4, '4'),
(749, 125, 5, '4'),
(750, 125, 6, '3'),
(751, 126, 1, '1'),
(752, 126, 2, '3'),
(753, 126, 3, '3'),
(754, 126, 4, '1'),
(755, 126, 5, '3'),
(756, 126, 6, '5'),
(757, 127, 1, '4'),
(758, 127, 2, '4'),
(759, 127, 3, '4'),
(760, 127, 4, '1'),
(761, 127, 5, '1'),
(762, 127, 6, '2'),
(763, 128, 1, '1'),
(764, 128, 2, '3'),
(765, 128, 3, '4'),
(766, 128, 4, '3'),
(767, 128, 5, '2'),
(768, 128, 6, '5'),
(769, 129, 1, '3'),
(770, 129, 2, '4'),
(771, 129, 3, '5'),
(772, 129, 4, '1'),
(773, 129, 5, '1'),
(774, 129, 6, '2'),
(775, 130, 1, '1'),
(776, 130, 2, '4'),
(777, 130, 3, '5'),
(778, 130, 4, '5'),
(779, 130, 5, '1'),
(780, 130, 6, '3'),
(781, 131, 1, '3'),
(782, 131, 2, '1'),
(783, 131, 3, '4'),
(784, 131, 4, '3'),
(785, 131, 5, '5'),
(786, 131, 6, '1'),
(787, 132, 1, '5'),
(788, 132, 2, '1'),
(789, 132, 3, '5'),
(790, 132, 4, '2'),
(791, 132, 5, '4'),
(792, 132, 6, '3'),
(793, 133, 1, '4'),
(794, 133, 2, '4'),
(795, 133, 3, '1'),
(796, 133, 4, '4'),
(797, 133, 5, '2'),
(798, 133, 6, '3'),
(799, 134, 1, '4'),
(800, 134, 2, '2'),
(801, 134, 3, '2'),
(802, 134, 4, '1'),
(803, 134, 5, '5'),
(804, 134, 6, '3'),
(805, 135, 1, '5'),
(806, 135, 2, '5'),
(807, 135, 3, '4'),
(808, 135, 4, '4'),
(809, 135, 5, '3'),
(810, 135, 6, '1'),
(811, 136, 1, '3'),
(812, 136, 2, '2'),
(813, 136, 3, '5'),
(814, 136, 4, '1'),
(815, 136, 5, '2'),
(816, 136, 6, '5'),
(817, 137, 1, '5'),
(818, 137, 2, '1'),
(819, 137, 3, '5'),
(820, 137, 4, '2'),
(821, 137, 5, '4'),
(822, 137, 6, '3'),
(823, 138, 1, '4'),
(824, 138, 2, '2'),
(825, 138, 3, '4'),
(826, 138, 4, '1'),
(827, 138, 5, '5'),
(828, 138, 6, '3'),
(829, 139, 1, '5'),
(830, 139, 2, '4'),
(831, 139, 3, '5'),
(832, 139, 4, '5'),
(833, 139, 5, '2'),
(834, 139, 6, '1'),
(835, 140, 1, '1'),
(836, 140, 2, '2'),
(837, 140, 3, '4'),
(838, 140, 4, '2'),
(839, 140, 5, '2'),
(840, 140, 6, '1'),
(841, 141, 1, '4'),
(842, 141, 2, '1'),
(843, 141, 3, '2'),
(844, 141, 4, '2'),
(845, 141, 5, '2'),
(846, 141, 6, '1'),
(847, 142, 1, '4'),
(848, 142, 2, '1'),
(849, 142, 3, '5'),
(850, 142, 4, '2'),
(851, 142, 5, '3'),
(852, 142, 6, '4'),
(853, 143, 1, '5'),
(854, 143, 2, '4'),
(855, 143, 3, '2'),
(856, 143, 4, '4'),
(857, 143, 5, '5'),
(858, 143, 6, '3'),
(859, 144, 1, '2'),
(860, 144, 2, '4'),
(861, 144, 3, '5'),
(862, 144, 4, '4'),
(863, 144, 5, '4'),
(864, 144, 6, '4'),
(865, 145, 1, '1'),
(866, 145, 2, '4'),
(867, 145, 3, '2'),
(868, 145, 4, '4'),
(869, 145, 5, '5'),
(870, 145, 6, '5'),
(871, 146, 1, '1'),
(872, 146, 2, '4'),
(873, 146, 3, '4'),
(874, 146, 4, '3'),
(875, 146, 5, '4'),
(876, 146, 6, '2'),
(877, 147, 1, '4'),
(878, 147, 2, '2'),
(879, 147, 3, '3'),
(880, 147, 4, '5'),
(881, 147, 5, '4'),
(882, 147, 6, '5'),
(883, 148, 1, '2'),
(884, 148, 2, '4'),
(885, 148, 3, '1'),
(886, 148, 4, '4'),
(887, 148, 5, '2'),
(888, 148, 6, '4'),
(889, 149, 1, '5'),
(890, 149, 2, '1'),
(891, 149, 3, '4'),
(892, 149, 4, '2'),
(893, 149, 5, '2'),
(894, 149, 6, '3'),
(895, 150, 1, '5'),
(896, 150, 2, '5'),
(897, 150, 3, '3'),
(898, 150, 4, '4'),
(899, 150, 5, '1'),
(900, 150, 6, '2'),
(901, 151, 1, '2'),
(902, 151, 2, '3'),
(903, 151, 3, '3'),
(904, 151, 4, '4'),
(905, 151, 5, '4'),
(906, 151, 6, '4'),
(907, 152, 1, '2'),
(908, 152, 2, '4'),
(909, 152, 3, '3'),
(910, 152, 4, '5'),
(911, 152, 5, '4'),
(912, 152, 6, '2'),
(913, 153, 1, '2'),
(914, 153, 2, '2'),
(915, 153, 3, '3'),
(916, 153, 4, '5'),
(917, 153, 5, '3'),
(918, 153, 6, '4'),
(919, 154, 1, '4'),
(920, 154, 2, '4'),
(921, 154, 3, '4'),
(922, 154, 4, '5'),
(923, 154, 5, '4'),
(924, 154, 6, '4'),
(925, 155, 1, '4'),
(926, 155, 2, '3'),
(927, 155, 3, '4'),
(928, 155, 4, '5'),
(929, 155, 5, '4'),
(930, 155, 6, '4'),
(931, 156, 1, '5'),
(932, 156, 2, '3'),
(933, 156, 3, '4'),
(934, 156, 4, '2'),
(935, 156, 5, '4'),
(936, 156, 6, '3'),
(937, 157, 1, '4'),
(938, 157, 2, '5'),
(939, 157, 3, '4'),
(940, 157, 4, '3'),
(941, 157, 5, '2'),
(942, 157, 6, '3'),
(943, 158, 1, '2'),
(944, 158, 2, '2'),
(945, 158, 3, '5'),
(946, 158, 4, '4'),
(947, 158, 5, '5'),
(948, 158, 6, '4'),
(949, 159, 1, '3'),
(950, 159, 2, '3'),
(951, 159, 3, '3'),
(952, 159, 4, '5'),
(953, 159, 5, '5'),
(954, 159, 6, '4'),
(955, 160, 1, '1'),
(956, 160, 2, '2'),
(957, 160, 3, '4'),
(958, 160, 4, '4'),
(959, 160, 5, '2'),
(960, 160, 6, '4'),
(961, 161, 1, '3'),
(962, 161, 2, '1'),
(963, 161, 3, '4'),
(964, 161, 4, '5'),
(965, 161, 5, '2'),
(966, 161, 6, '4'),
(967, 162, 1, '4'),
(968, 162, 2, '4'),
(969, 162, 3, '3'),
(970, 162, 4, '4'),
(971, 162, 5, '3'),
(972, 162, 6, '2'),
(973, 163, 1, '4'),
(974, 163, 2, '3'),
(975, 163, 3, '2'),
(976, 163, 4, '4'),
(977, 163, 5, '2'),
(978, 163, 6, '3'),
(979, 164, 1, '2'),
(980, 164, 2, '2'),
(981, 164, 3, '3'),
(982, 164, 4, '3'),
(983, 164, 5, '4'),
(984, 164, 6, '2'),
(985, 165, 1, '1'),
(986, 165, 2, '1'),
(987, 165, 3, '4'),
(988, 165, 4, '3'),
(989, 165, 5, '2'),
(990, 165, 6, '1'),
(991, 166, 1, '2'),
(992, 166, 2, '4'),
(993, 166, 3, '4'),
(994, 166, 4, '3'),
(995, 166, 5, '4'),
(996, 166, 6, '5'),
(997, 167, 1, '1'),
(998, 167, 2, '2'),
(999, 167, 3, '3'),
(1000, 167, 4, '2'),
(1001, 167, 5, '4'),
(1002, 167, 6, '4'),
(1003, 168, 1, '1'),
(1004, 168, 2, '1'),
(1005, 168, 3, '1'),
(1006, 168, 4, '1'),
(1007, 168, 5, '1'),
(1008, 168, 6, '1'),
(1009, 169, 1, '4'),
(1010, 169, 2, '3'),
(1011, 169, 3, '3'),
(1012, 169, 4, '4'),
(1013, 169, 5, '3'),
(1014, 169, 6, '4'),
(1015, 170, 1, '4'),
(1016, 170, 2, '2'),
(1017, 170, 3, '4'),
(1018, 170, 4, '4'),
(1019, 170, 5, '5'),
(1020, 170, 6, '5'),
(1021, 171, 1, '1'),
(1022, 171, 2, '2'),
(1023, 171, 3, '4'),
(1024, 171, 4, '4'),
(1025, 171, 5, '5'),
(1026, 171, 6, '4'),
(1027, 172, 1, '4'),
(1028, 172, 2, '3'),
(1029, 172, 3, '4'),
(1030, 172, 4, '5'),
(1031, 172, 5, '4'),
(1032, 172, 6, '4'),
(1033, 173, 1, '5'),
(1034, 173, 2, '1'),
(1035, 173, 3, '4'),
(1036, 173, 4, '2'),
(1037, 173, 5, '2'),
(1038, 173, 6, '3'),
(1039, 174, 1, '2'),
(1040, 174, 2, '4'),
(1041, 174, 3, '4'),
(1042, 174, 4, '3'),
(1043, 174, 5, '4'),
(1044, 174, 6, '5'),
(1045, 175, 1, '2'),
(1046, 175, 2, '2'),
(1047, 175, 3, '2'),
(1048, 175, 4, '4'),
(1049, 175, 5, '4'),
(1050, 175, 6, '2'),
(1051, 176, 1, '4'),
(1052, 176, 2, '3'),
(1053, 176, 3, '2'),
(1054, 176, 4, '2'),
(1055, 176, 5, '4'),
(1056, 176, 6, '3'),
(1057, 177, 1, '4'),
(1058, 177, 2, '5'),
(1059, 177, 3, '4'),
(1060, 177, 4, '4'),
(1061, 177, 5, '5'),
(1062, 177, 6, '3'),
(1063, 178, 1, '2'),
(1064, 178, 2, '4'),
(1065, 178, 3, '5'),
(1066, 178, 4, '4'),
(1067, 178, 5, '2'),
(1068, 178, 6, '4'),
(1069, 179, 1, '3'),
(1070, 179, 2, '3'),
(1071, 179, 3, '5'),
(1072, 179, 4, '4'),
(1073, 179, 5, '4'),
(1074, 179, 6, '4'),
(1075, 180, 1, '2'),
(1076, 180, 2, '4'),
(1077, 180, 3, '4'),
(1078, 180, 4, '4'),
(1079, 180, 5, '4'),
(1080, 180, 6, '5'),
(1081, 181, 1, '5'),
(1082, 181, 2, '5'),
(1083, 181, 3, '2'),
(1084, 181, 4, '3'),
(1085, 181, 5, '5'),
(1086, 181, 6, '4'),
(1087, 182, 1, '4'),
(1088, 182, 2, '4'),
(1089, 182, 3, '1'),
(1090, 182, 4, '2'),
(1091, 182, 5, '4'),
(1092, 182, 6, '3'),
(1093, 183, 1, '3'),
(1094, 183, 2, '3'),
(1095, 183, 3, '2'),
(1096, 183, 4, '3'),
(1097, 183, 5, '3'),
(1098, 183, 6, '4'),
(1099, 184, 1, '2'),
(1100, 184, 2, '2'),
(1101, 184, 3, '2'),
(1102, 184, 4, '2'),
(1103, 184, 5, '2'),
(1104, 184, 6, '2'),
(1105, 185, 1, '4'),
(1106, 185, 2, '4'),
(1107, 185, 3, '3'),
(1108, 185, 4, '4'),
(1109, 185, 5, '4'),
(1110, 185, 6, '5'),
(1111, 186, 1, '4'),
(1112, 186, 2, '2'),
(1113, 186, 3, '4'),
(1114, 186, 4, '5'),
(1115, 186, 5, '2'),
(1116, 186, 6, '4'),
(1117, 187, 1, '3'),
(1118, 187, 2, '3'),
(1119, 187, 3, '4'),
(1120, 187, 4, '5'),
(1121, 187, 5, '2'),
(1122, 187, 6, '4'),
(1123, 188, 1, '4'),
(1124, 188, 2, '4'),
(1125, 188, 3, '4'),
(1126, 188, 4, '2'),
(1127, 188, 5, '2'),
(1128, 188, 6, '4'),
(1129, 189, 1, '4'),
(1130, 189, 2, '3'),
(1131, 189, 3, '4'),
(1132, 189, 4, '5'),
(1133, 189, 5, '3'),
(1134, 189, 6, '2'),
(1135, 190, 1, '4'),
(1136, 190, 2, '2'),
(1137, 190, 3, '2'),
(1138, 190, 4, '5'),
(1139, 190, 5, '2'),
(1140, 190, 6, '1'),
(1141, 191, 1, '2'),
(1142, 191, 2, '4'),
(1143, 191, 3, '2'),
(1144, 191, 4, '4'),
(1145, 191, 5, '2'),
(1146, 191, 6, '3'),
(1147, 192, 1, '2'),
(1148, 192, 2, '4'),
(1149, 192, 3, '2'),
(1150, 192, 4, '4'),
(1151, 192, 5, '2'),
(1152, 192, 6, '3'),
(1153, 193, 1, '4'),
(1154, 193, 2, '3'),
(1155, 193, 3, '3'),
(1156, 193, 4, '2'),
(1157, 193, 5, '4'),
(1158, 193, 6, '4'),
(1159, 194, 1, '3'),
(1160, 194, 2, '4'),
(1161, 194, 3, '3'),
(1162, 194, 4, '4'),
(1163, 194, 5, '4'),
(1164, 194, 6, '2'),
(1165, 195, 1, '3'),
(1166, 195, 2, '2'),
(1167, 195, 3, '4'),
(1168, 195, 4, '4'),
(1169, 195, 5, '4'),
(1170, 195, 6, '3'),
(1171, 196, 1, '3'),
(1172, 196, 2, '2'),
(1173, 196, 3, '3'),
(1174, 196, 4, '2'),
(1175, 196, 5, '2'),
(1176, 196, 6, '3'),
(1177, 197, 1, '2'),
(1178, 197, 2, '2'),
(1179, 197, 3, '3'),
(1180, 197, 4, '4'),
(1181, 197, 5, '2'),
(1182, 197, 6, '3'),
(1183, 198, 1, '1'),
(1184, 198, 2, '2'),
(1185, 198, 3, '4'),
(1186, 198, 4, '4'),
(1187, 198, 5, '2'),
(1188, 198, 6, '3'),
(1189, 199, 1, '2'),
(1190, 199, 2, '3'),
(1191, 199, 3, '2'),
(1192, 199, 4, '2'),
(1193, 199, 5, '4'),
(1194, 199, 6, '4'),
(1195, 200, 1, '5'),
(1196, 200, 2, '4'),
(1197, 200, 3, '2'),
(1198, 200, 4, '2'),
(1199, 200, 5, '4'),
(1200, 200, 6, '5'),
(1201, 201, 1, '1'),
(1202, 201, 2, '5'),
(1203, 201, 3, '1'),
(1204, 201, 4, '2'),
(1205, 201, 5, '4'),
(1206, 201, 6, '4'),
(1207, 202, 1, '4'),
(1208, 202, 2, '2'),
(1209, 202, 3, '2'),
(1210, 202, 4, '3'),
(1211, 202, 5, '2'),
(1212, 202, 6, '4'),
(1213, 203, 1, '4'),
(1214, 203, 2, '4'),
(1215, 203, 3, '4'),
(1216, 203, 4, '3'),
(1217, 203, 5, '2'),
(1218, 203, 6, '5'),
(1219, 204, 1, '4'),
(1220, 204, 2, '3'),
(1221, 204, 3, '3'),
(1222, 204, 4, '4'),
(1223, 204, 5, '2'),
(1224, 204, 6, '1'),
(1225, 205, 1, '5'),
(1226, 205, 2, '3'),
(1227, 205, 3, '2'),
(1228, 205, 4, '4'),
(1229, 205, 5, '4'),
(1230, 205, 6, '4'),
(1231, 206, 1, '5'),
(1232, 206, 2, '3'),
(1233, 206, 3, '2'),
(1234, 206, 4, '5'),
(1235, 206, 5, '3'),
(1236, 206, 6, '4'),
(1237, 207, 1, '5'),
(1238, 207, 2, '1'),
(1239, 207, 3, '3'),
(1240, 207, 4, '2'),
(1241, 207, 5, '4'),
(1242, 207, 6, '5'),
(1243, 208, 1, '5'),
(1244, 208, 2, '5'),
(1245, 208, 3, '5'),
(1246, 208, 4, '1'),
(1247, 208, 5, '3'),
(1248, 208, 6, '4'),
(1249, 209, 1, '2'),
(1250, 209, 2, '2'),
(1251, 209, 3, '2'),
(1252, 209, 4, '1'),
(1253, 209, 5, '4'),
(1254, 209, 6, '2'),
(1255, 210, 1, '5'),
(1256, 210, 2, '5'),
(1257, 210, 3, '4'),
(1258, 210, 4, '3'),
(1259, 210, 5, '1'),
(1260, 210, 6, '3'),
(1261, 211, 1, '1'),
(1262, 211, 2, '3'),
(1263, 211, 3, '4'),
(1264, 211, 4, '4'),
(1265, 211, 5, '3'),
(1266, 211, 6, '3'),
(1267, 212, 1, '2'),
(1268, 212, 2, '2'),
(1269, 212, 3, '3'),
(1270, 212, 4, '2'),
(1271, 212, 5, '4'),
(1272, 212, 6, '5'),
(1273, 213, 1, '1'),
(1274, 213, 2, '4'),
(1275, 213, 3, '1'),
(1276, 213, 4, '1'),
(1277, 213, 5, '3'),
(1278, 213, 6, '4'),
(1279, 214, 1, '2'),
(1280, 214, 2, '2'),
(1281, 214, 3, '2'),
(1282, 214, 4, '1'),
(1283, 214, 5, '4'),
(1284, 214, 6, '2'),
(1285, 215, 1, '5'),
(1286, 215, 2, '5'),
(1287, 215, 3, '4'),
(1288, 215, 4, '3'),
(1289, 215, 5, '3'),
(1290, 215, 6, '1'),
(1291, 216, 1, '4'),
(1292, 216, 2, '3'),
(1293, 216, 3, '2'),
(1294, 216, 4, '4'),
(1295, 216, 5, '2'),
(1296, 216, 6, '4'),
(1297, 217, 1, '3'),
(1298, 217, 2, '3'),
(1299, 217, 3, '3'),
(1300, 217, 4, '3'),
(1301, 217, 5, '3'),
(1302, 217, 6, '2'),
(1303, 218, 1, '1'),
(1304, 218, 2, '2'),
(1305, 218, 3, '2'),
(1306, 218, 4, '2'),
(1307, 218, 5, '3'),
(1308, 218, 6, '4'),
(1309, 219, 1, '3'),
(1310, 219, 2, '4'),
(1311, 219, 3, '4'),
(1312, 219, 4, '4'),
(1313, 219, 5, '3'),
(1314, 219, 6, '4'),
(1315, 220, 1, '4'),
(1316, 220, 2, '3'),
(1317, 220, 3, '4'),
(1318, 220, 4, '4'),
(1319, 220, 5, '3'),
(1320, 220, 6, '5'),
(1321, 221, 1, '2'),
(1322, 221, 2, '4'),
(1323, 221, 3, '3'),
(1324, 221, 4, '2'),
(1325, 221, 5, '2'),
(1326, 221, 6, '2'),
(1327, 222, 1, '4'),
(1328, 222, 2, '3'),
(1329, 222, 3, '3'),
(1330, 222, 4, '2'),
(1331, 222, 5, '2'),
(1332, 222, 6, '4'),
(1333, 223, 1, '3'),
(1334, 223, 2, '4'),
(1335, 223, 3, '2'),
(1336, 223, 4, '4'),
(1337, 223, 5, '2'),
(1338, 223, 6, '4'),
(1339, 224, 1, '4'),
(1340, 224, 2, '4'),
(1341, 224, 3, '3'),
(1342, 224, 4, '4'),
(1343, 224, 5, '2'),
(1344, 224, 6, '3'),
(1345, 225, 1, '2'),
(1346, 225, 2, '4'),
(1347, 225, 3, '3'),
(1348, 225, 4, '4'),
(1349, 225, 5, '4'),
(1350, 225, 6, '3'),
(1351, 226, 1, '3'),
(1352, 226, 2, '4'),
(1353, 226, 3, '5'),
(1354, 226, 4, '2'),
(1355, 226, 5, '4'),
(1356, 226, 6, '5'),
(1357, 227, 1, '4'),
(1358, 227, 2, '2'),
(1359, 227, 3, '3'),
(1360, 227, 4, '1'),
(1361, 227, 5, '3'),
(1362, 227, 6, '3'),
(1363, 228, 1, '2'),
(1364, 228, 2, '4'),
(1365, 228, 3, '3'),
(1366, 228, 4, '4'),
(1367, 228, 5, '4'),
(1368, 228, 6, '3'),
(1369, 229, 1, '1'),
(1370, 229, 2, '2'),
(1371, 229, 3, '2'),
(1372, 229, 4, '3'),
(1373, 229, 5, '3'),
(1374, 229, 6, '2'),
(1375, 230, 1, '3'),
(1376, 230, 2, '4'),
(1377, 230, 3, '4'),
(1378, 230, 4, '4'),
(1379, 230, 5, '4'),
(1380, 230, 6, '4'),
(1381, 231, 1, '1'),
(1382, 231, 2, '2'),
(1383, 231, 3, '2'),
(1384, 231, 4, '3'),
(1385, 231, 5, '3'),
(1386, 231, 6, '2'),
(1387, 232, 1, '5'),
(1388, 232, 2, '3'),
(1389, 232, 3, '4'),
(1390, 232, 4, '3'),
(1391, 232, 5, '3'),
(1392, 232, 6, '2'),
(1393, 233, 1, '3'),
(1394, 233, 2, '4'),
(1395, 233, 3, '2'),
(1396, 233, 4, '3'),
(1397, 233, 5, '4'),
(1398, 233, 6, '5'),
(1399, 234, 1, '3'),
(1400, 234, 2, '2'),
(1401, 234, 3, '4'),
(1402, 234, 4, '4'),
(1403, 234, 5, '4'),
(1404, 234, 6, '4'),
(1405, 235, 1, '1'),
(1406, 235, 2, '4'),
(1407, 235, 3, '5'),
(1408, 235, 4, '3'),
(1409, 235, 5, '4'),
(1410, 235, 6, '5'),
(1411, 236, 1, '5'),
(1412, 236, 2, '2'),
(1413, 236, 3, '2'),
(1414, 236, 4, '4'),
(1415, 236, 5, '5'),
(1416, 236, 6, '4'),
(1417, 237, 1, '4'),
(1418, 237, 2, '4'),
(1419, 237, 3, '4'),
(1420, 237, 4, '4'),
(1421, 237, 5, '1'),
(1422, 237, 6, '5'),
(1423, 238, 1, '4'),
(1424, 238, 2, '4'),
(1425, 238, 3, '3'),
(1426, 238, 4, '3'),
(1427, 238, 5, '4'),
(1428, 238, 6, '2'),
(1429, 239, 1, '3'),
(1430, 239, 2, '2'),
(1431, 239, 3, '3'),
(1432, 239, 4, '4'),
(1433, 239, 5, '3'),
(1434, 239, 6, '4'),
(1435, 240, 1, '4'),
(1436, 240, 2, '2'),
(1437, 240, 3, '3'),
(1438, 240, 4, '4'),
(1439, 240, 5, '2'),
(1440, 240, 6, '2'),
(1441, 241, 1, '3'),
(1442, 241, 2, '3'),
(1443, 241, 3, '5'),
(1444, 241, 4, '4'),
(1445, 241, 5, '4'),
(1446, 241, 6, '4'),
(1447, 242, 1, '4'),
(1448, 242, 2, '2'),
(1449, 242, 3, '5'),
(1450, 242, 4, '5'),
(1451, 242, 5, '4'),
(1452, 242, 6, '4'),
(1453, 243, 1, '5'),
(1454, 243, 2, '4'),
(1455, 243, 3, '4'),
(1456, 243, 4, '4'),
(1457, 243, 5, '3'),
(1458, 243, 6, '4'),
(1459, 244, 1, '2'),
(1460, 244, 2, '2'),
(1461, 244, 3, '4'),
(1462, 244, 4, '4'),
(1463, 244, 5, '4'),
(1464, 244, 6, '2'),
(1465, 245, 1, '2'),
(1466, 245, 2, '3'),
(1467, 245, 3, '2'),
(1468, 245, 4, '4'),
(1469, 245, 5, '4'),
(1470, 245, 6, '4'),
(1471, 246, 1, '5'),
(1472, 246, 2, '4'),
(1473, 246, 3, '3'),
(1474, 246, 4, '4'),
(1475, 246, 5, '4'),
(1476, 246, 6, '3'),
(1477, 247, 1, '5'),
(1478, 247, 2, '3'),
(1479, 247, 3, '3'),
(1480, 247, 4, '2'),
(1481, 247, 5, '3'),
(1482, 247, 6, '3'),
(1483, 248, 1, '3'),
(1484, 248, 2, '4'),
(1485, 248, 3, '3'),
(1486, 248, 4, '4'),
(1487, 248, 5, '4'),
(1488, 248, 6, '2'),
(1489, 249, 1, '4'),
(1490, 249, 2, '4'),
(1491, 249, 3, '1'),
(1492, 249, 4, '2'),
(1493, 249, 5, '4'),
(1494, 249, 6, '1'),
(1495, 250, 1, '2'),
(1496, 250, 2, '2'),
(1497, 250, 3, '1'),
(1498, 250, 4, '4'),
(1499, 250, 5, '4'),
(1500, 250, 6, '2');

-- --------------------------------------------------------

--
-- Table structure for table `siswa`
--

CREATE TABLE `siswa` (
  `kd_siswa` int(11) NOT NULL,
  `nm_siswa` varchar(255) NOT NULL,
  `minat` varchar(255) NOT NULL,
  `pengalaman` varchar(20) DEFAULT NULL,
  `teknikal` varchar(20) DEFAULT NULL,
  `fisik` varchar(20) DEFAULT NULL,
  `komunikasi` varchar(20) DEFAULT NULL,
  `kerjasama_tim` varchar(20) NOT NULL
) ENGINE=InnoDB DEFAULT CHARSET=utf8mb4;

--
-- Dumping data for table `siswa`
--

INSERT INTO `siswa` (`kd_siswa`, `nm_siswa`, `minat`, `pengalaman`, `teknikal`, `fisik`, `komunikasi`, `kerjasama_tim`) VALUES
(1, 'Reyhan Alfaro', 'cukup', 'Kurang', 'cukup', 'Sangat Kurang', 'baik', 'Sangat Baik'),
(2, 'AYLI ASYIFA PUTRI', '', '', '', '', '', ''),
(3, 'BIMBIM', '', '', '', '', '', ''),
(4, 'DANIEL', '', '', '', '', '', ''),
(5, 'ELJIRA RISTINA', '', '', '', '', '', ''),
(6, 'FELLI MELINDA', '', NULL, NULL, NULL, NULL, ''),
(7, 'GEYSHA ATIEKAN', '', NULL, NULL, NULL, NULL, ''),
(8, 'HABIL DINAL PRATAMA', '', NULL, NULL, NULL, NULL, ''),
(9, 'HELSYA DARLIFA', '', NULL, NULL, NULL, NULL, ''),
(10, 'JULIAN RAMA PUTRA', '', NULL, NULL, NULL, NULL, ''),
(11, 'KLARA OKTA MARSA', '', NULL, NULL, NULL, NULL, ''),
(12, 'M BIMA JM', '', NULL, NULL, NULL, NULL, ''),
(13, 'M FAIZ ABRAR', '', NULL, NULL, NULL, NULL, ''),
(14, 'M TEGAR APRIANDA', '', NULL, NULL, NULL, NULL, ''),
(15, 'M TRI RIZKY', '', NULL, NULL, NULL, NULL, ''),
(16, 'MAHERA IMEL SYAKIRA', '', NULL, NULL, NULL, NULL, ''),
(17, 'MUHAMMAD WIRA A', '', NULL, NULL, NULL, NULL, ''),
(18, 'NAJWA RATU MAYORI', '', NULL, NULL, NULL, NULL, ''),
(19, 'NAYAKA ADWA SEPTIANDI', '', NULL, NULL, NULL, NULL, ''),
(20, 'NINA AZALIA', '', NULL, NULL, NULL, NULL, ''),
(21, 'OZIEL ALKHALIFI KF TUARA', '', NULL, NULL, NULL, NULL, ''),
(22, 'RAFELIA PRAMITA PUTRI', '', NULL, NULL, NULL, NULL, ''),
(23, 'RAFFA ARMANDINO', '', NULL, NULL, NULL, NULL, ''),
(24, 'RAMADHAN NUR RIZKI', '', NULL, NULL, NULL, NULL, ''),
(25, 'REIHAN DWIKA PUTRA', '', NULL, NULL, NULL, NULL, ''),
(26, 'RIZKY AHMAD RIDWAN', '', NULL, NULL, NULL, NULL, ''),
(27, 'SYAFIRA WAHYUNI PUTRI', '', NULL, NULL, NULL, NULL, ''),
(28, 'URWATUNNISA', '', NULL, NULL, NULL, NULL, ''),
(29, 'VANESA PUTRI CAHYANI', '', NULL, NULL, NULL, NULL, ''),
(30, 'YASMIN FITRI MAGFIROH', '', NULL, NULL, NULL, NULL, ''),
(31, 'AGEL JANUARTA', '', NULL, NULL, NULL, NULL, ''),
(32, 'AIDIL PUTRA', '', NULL, NULL, NULL, NULL, ''),
(33, 'ALIF OSTI', '', NULL, NULL, NULL, NULL, ''),
(34, 'ANISA MUNGKIN BERISIKO', '', NULL, NULL, NULL, NULL, ''),
(35, 'ATESA AULIA', '', NULL, NULL, NULL, NULL, ''),
(36, 'AZRIL KURNIAWAN', '', NULL, NULL, NULL, NULL, ''),
(37, 'CORRY VELONIKA PUTRI', '', NULL, NULL, NULL, NULL, ''),
(38, 'FIQRY WINDRA PRATAMA', '', NULL, NULL, NULL, NULL, ''),
(39, 'GALANG AIRIL PUTRA', '', NULL, NULL, NULL, NULL, ''),
(40, 'GINA KURRATUL AINI', '', NULL, NULL, NULL, NULL, ''),
(41, 'GRESIA PUTRI AMIRA', '', NULL, NULL, NULL, NULL, ''),
(42, 'IMAM MUHAMMAD REZKI', '', NULL, NULL, NULL, NULL, ''),
(43, 'IZZI NAZIRA', '', NULL, NULL, NULL, NULL, ''),
(44, 'KEYZA HENDRIKA PUTRI', '', NULL, NULL, NULL, NULL, ''),
(45, 'M AGUSTIAN EFENDI', '', NULL, NULL, NULL, NULL, ''),
(46, 'M FADLI NOVENDRI', '', NULL, NULL, NULL, NULL, ''),
(47, 'M FIRDAUS PRATAMA', '', NULL, NULL, NULL, NULL, ''),
(48, 'MEDINA DWINDA PUTRI', '', NULL, NULL, NULL, NULL, ''),
(49, 'MUHAMMAD ADITYA AWANKA', '', NULL, NULL, NULL, NULL, ''),
(50, 'MUHAMMAD AL HABIL', '', NULL, NULL, NULL, NULL, '');

-- --------------------------------------------------------

--
-- Table structure for table `user`
--

CREATE TABLE `user` (
  `id` int(11) NOT NULL,
  `username` varchar(225) NOT NULL,
  `email` varchar(225) NOT NULL,
  `password` varchar(225) NOT NULL,
  `level` enum('admin','superadmin') NOT NULL
) ENGINE=InnoDB DEFAULT CHARSET=utf8mb4;

--
-- Dumping data for table `user`
--

INSERT INTO `user` (`id`, `username`, `email`, `password`, `level`) VALUES
(1, 'admin', 'admin@gmail.com', 'admin', 'superadmin');

--
-- Indexes for dumped tables
--

--
-- Indexes for table `siswa`
--
ALTER TABLE `siswa`
  ADD PRIMARY KEY (`kd_siswa`);

--
-- Indexes for table `user`
--
ALTER TABLE `user`
  ADD PRIMARY KEY (`id`);

--
-- AUTO_INCREMENT for dumped tables
--

--
-- AUTO_INCREMENT for table `siswa`
--
ALTER TABLE `siswa`
  MODIFY `kd_siswa` int(11) NOT NULL AUTO_INCREMENT, AUTO_INCREMENT=51;

--
-- AUTO_INCREMENT for table `user`
--
ALTER TABLE `user`
  MODIFY `id` int(11) NOT NULL AUTO_INCREMENT, AUTO_INCREMENT=2;
COMMIT;

/*!40101 SET CHARACTER_SET_CLIENT=@OLD_CHARACTER_SET_CLIENT */;
/*!40101 SET CHARACTER_SET_RESULTS=@OLD_CHARACTER_SET_RESULTS */;
/*!40101 SET COLLATION_CONNECTION=@OLD_COLLATION_CONNECTION */;
